﻿{
    "app_id":"your_app_id",
    "app_secret":"your_app_secret",
    "product_key":["your_product_key"],   
    "wifi_type_select":true,
    "tencent_app_id":"your_tencent_app_id",
    "wechat_app_id":"your_wechat_app_id",
    "wechat_app_secret":"your_wechat_app_secret",
    "push_type":0,
    "bpush_app_key":"your_bpush_app_key",
    "openAPI_URL":"",
    "site_URL":"",
    "push_URL":"",
    "buttonColor":"F8DC26",
    "buttonTextColor":"000000",
    "navigationBarColor":"F8DC26",
    "navigationBarTextColor":"000000",
    "configProgressViewColor":"000000",
    "addDeviceTitle":""
}